Date,Open,High,Low,Close,Adj Close,Volume,ATR,ATR_2
2018-12-31,11.920000076293945,11.979999542236328,11.899999618530273,11.979999542236328,11.21668529510498,171800,0.0,0.0
2019-01-02,11.9399995803833,12.130000114440918,11.9399995803833,12.109999656677246,11.338403701782227,38200,0.0,0.0
2019-01-03,12.079999923706055,12.220000267028809,12.079999923706055,12.199999809265137,11.422670364379883,100700,0.0,0.0
2019-01-04,12.15999984741211,12.199999809265137,12.119999885559082,12.180000305175781,11.40394401550293,72000,0.0,0.0
2019-01-07,12.229999542236328,12.25,12.1899995803833,12.25,11.469482421875,76800,0.0,0.0
2019-01-08,12.25,12.270000457763672,12.239999771118164,12.25,11.469482421875,16500,0.0,0.0
2019-01-09,12.220000267028809,12.329999923706055,12.220000267028809,12.329999923706055,11.54438591003418,37300,0.0,0.0
2019-01-10,12.34000015258789,12.380000114440918,12.319999694824219,12.369999885559082,11.581838607788086,47800,0.0,0.0
2019-01-11,12.380000114440918,12.470000267028809,12.380000114440918,12.449999809265137,11.656739234924316,116600,0.0,0.0
2019-01-14,12.390000343322754,12.420000076293945,12.390000343322754,12.390000343322754,11.64217758178711,69700,0.0,0.0
2019-01-15,12.369999885559082,12.390000343322754,12.359999656677246,12.390000343322754,11.64217758178711,37900,0.0,0.0
2019-01-16,12.390000343322754,12.40999984741211,12.369999885559082,12.399999618530273,11.651573181152344,49200,0.0,0.0
2019-01-17,12.399999618530273,12.399999618530273,12.319999694824219,12.329999923706055,11.585798263549805,17000,0.0,0.0
2019-01-18,12.300000190734863,12.329999923706055,12.199999809265137,12.220000267028809,11.482437133789062,68100,0.08571440832955497,0.006122457737825355
2019-01-22,12.229999542236328,12.229999542236328,12.210000038146973,12.220000267028809,11.482437133789062,69500,0.08102048659811215,0.006020419451655175
2019-01-23,12.220000267028809,12.270000457763672,12.220000267028809,12.260000228881836,11.520023345947266,36100,0.07880475117930866,0.005748656306451483
2019-01-24,12.3100004196167,12.359999656677246,12.270000457763672,12.300000190734863,11.557608604431152,87200,0.08031865665188734,0.005446174104031996
2019-01-25,12.289999961853027,12.329999923706055,12.270000457763672,12.270000457763672,11.5294189453125,30400,0.07886728588692273,0.0051608310083843265
2019-01-28,12.329999923706055,12.350000381469727,12.279999732971191,12.300000190734863,11.557608604431152,92400,0.0789481885882893,0.004797978986454487
2019-01-29,12.319999694824219,12.319999694824219,12.289999961853027,12.319999694824219,11.576400756835938,16900,0.07545187032992516,0.004705003220162319
2019-01-30,12.359999656677246,12.359999656677246,12.289999961853027,12.359999656677246,11.61398696899414,58500,0.0750624292223747,0.004396748783547186
2019-01-31,12.359999656677246,12.430000305175781,12.350000381469727,12.420000076293945,11.670367240905762,283300,0.07541510739978041,0.004107886597394223
2019-02-01,12.399999618530273,12.449999809265137,12.399999618530273,12.399999618530273,11.651573181152344,62300,0.07359975620942918,0.003944134068319724
2019-02-04,12.399999618530273,12.430000305175781,12.390000343322754,12.420000076293945,11.670367240905762,18600,0.07119977089825762,0.0038338377285234274
2019-02-05,12.40999984741211,12.420000076293945,12.350000381469727,12.390000343322754,11.64217758178711,75700,0.07111405117868341,0.003566115013598483
2019-02-06,12.420000076293945,12.4399995803833,12.380000114440918,12.390000343322754,11.64217758178711,78200,0.07032015223323337,0.0033680995801593084
2019-02-07,12.40999984741211,12.420000076293945,12.390000343322754,12.420000076293945,11.670367240905762,37600,0.06744012228594466,0.003333237463525694
2019-02-08,12.420000076293945,12.460000038146973,12.420000076293945,12.460000038146973,11.707951545715332,15800,0.06548011082645057,0.003235149891809151
2019-02-11,12.460000038146973,12.550000190734863,12.4399995803833,12.550000190734863,11.792520523071289,118100,0.0686601465068157,0.0032312131624202926
2019-02-12,12.529999732971191,12.569999694824219,12.520000457763672,12.539999961853027,11.783123016357422,80800,0.06732722440351079,0.003095620943912052
2019-02-13,12.489999771118164,12.529999732971191,12.489999771118164,12.520000457763672,11.764331817626953,26700,0.06608957914146453,0.0029629083952073523
2019-02-14,12.470000267028809,12.489999771118164,12.470000267028809,12.470000267028809,11.759145736694336,16600,0.06494033711242159,0.00283336079762418
2019-02-15,12.449999809265137,12.5,12.449999809265137,12.5,11.787435531616211,64300,0.06387318379973884,0.002707203120128363
2019-02-19,12.470000267028809,12.5,12.470000267028809,12.5,11.787435531616211,15800,0.06145365159769974,0.0026866551974077013
2019-02-20,12.5,12.539999961853027,12.489999771118164,12.510000228881836,11.796863555908203,32900,0.060635547250354284,0.0025531872795461126
2019-02-21,12.529999732971191,12.529999732971191,12.470000267028809,12.520000457763672,11.806294441223145,55800,0.060590112871213464,0.0023740620723743063
2019-02-22,12.529999732971191,12.550000190734863,12.460000038146973,12.460000038146973,11.749712944030762,32300,0.06269082999383326,0.0023545374331061268
2019-02-25,12.510000228881836,12.510000228881836,12.449999809265137,12.470000267028809,11.759145736694336,40300,0.06249865782403797,0.0022000827714410667
2019-02-26,12.5,12.539999961853027,12.470000267028809,12.489999771118164,11.778002738952637,46300,0.06303444618119373,0.002081204598992117
2019-02-27,12.510000228881836,12.529999732971191,12.430000305175781,12.479999542236328,11.768573760986328,112100,0.06567480201078062,0.0021211439726060285
2019-02-28,12.479999542236328,12.510000228881836,12.430000305175781,12.510000228881836,11.796863555908203,158700,0.06669802498901448,0.002042721044436588
2019-03-01,12.520000457763672,12.550000190734863,12.489999771118164,12.550000190734863,11.83458423614502,28600,0.06621962460527767,0.0019309838543866038
2019-03-04,12.550000190734863,12.579999923706055,12.529999732971191,12.579999923706055,11.862871170043945,42700,0.06506109361453379,0.001875808649840695
2019-03-05,12.569999694824219,12.59000015258789,12.5600004196167,12.59000015258789,11.87230110168457,91000,0.0625567107114379,0.0019207068107874945
2019-03-06,12.59000015258789,12.670000076293945,12.5600004196167,12.670000076293945,11.947744369506836,60300,0.06594549256613848,0.0020255693139241437
2019-03-07,12.680000305175781,12.699999809265137,12.649999618530273,12.649999618530273,11.92888069152832,32200,0.06480654243533311,0.0019622393722728026
2019-03-08,12.630000114440918,12.699999809265137,12.630000114440918,12.640000343322754,11.919451713562012,20300,0.06517748189168208,0.0018485750925639577
2019-03-11,12.640000343322754,12.6899995803833,12.619999885559082,12.680000305175781,11.957171440124512,33600,0.06552192567257756,0.0017411371417304943
2019-03-12,12.619999885559082,12.779999732971191,12.619999885559082,12.770000457763672,12.042043685913086,97200,0.07227034865397268,0.0020988004159922533
2019-03-13,12.760000228881836,12.819999694824219,12.75,12.819999694824219,12.089190483093262,45300,0.07210815909470455,0.001960471069083387
2019-03-14,12.779999732971191,12.779999732971191,12.630000114440918,12.640000343322754,11.960969924926758,74000,0.08052897490103285,0.002421924264600881
2019-03-15,12.640000343322754,12.649999618530273,12.59000015258789,12.619999885559082,11.942044258117676,54700,0.0790625814039864,0.0023536720669184207
2019-03-18,12.59000015258789,12.600000381469727,12.550000190734863,12.59000015258789,11.913655281066895,46900,0.07841523236257443,0.0022317918508108175
2019-03-19,12.59000015258789,12.6899995803833,12.59000015258789,12.670000076293945,11.989360809326172,41400,0.07995696060777699,0.0021825015932673704
2019-03-20,12.630000114440918,12.710000038146973,12.619999885559082,12.710000038146973,12.027213096618652,77900,0.08067433146349938,0.002077849397728443
2019-03-21,12.710000038146973,12.739999771118164,12.699999809265137,12.729999542236328,12.046134948730469,34300,0.07776901934846567,0.0021369538775359623
2019-03-22,12.789999961853027,12.819999694824219,12.770000457763672,12.800000190734863,12.112375259399414,44400,0.0786426717227103,0.0020467180558722963
2019-03-25,12.800000190734863,12.869999885559082,12.770000457763672,12.84000015258789,12.150228500366211,62800,0.08016815429933173,0.0020094869502115197
2019-03-26,12.920000076293945,12.920000076293945,12.850000381469727,12.850000381469727,12.159689903259277,37300,0.08015613782838338,0.0018668104874070078
2019-03-27,12.829999923706055,12.880000114440918,12.819999694824219,12.84000015258789,12.150228500366211,50900,0.07871644367040595,0.0018363021781620376
2019-03-28,12.890000343322754,12.989999771118164,12.859999656677246,12.920000076293945,12.225929260253906,141200,0.08380809901753934,0.0020688274045171343
2019-03-29,12.90999984741211,12.920000076293945,12.890000343322754,12.920000076293945,12.225929260253906,51600,0.07996464429994307,0.002195586498308501
2019-04-01,12.989999771118164,12.989999771118164,12.890000343322754,12.920000076293945,12.225929260253906,82100,0.081395700263905,0.0021409771744266026
2019-04-02,12.960000038146973,12.989999771118164,12.930000305175781,12.970000267028809,12.273242950439453,92900,0.08058169987535599,0.0020461931182924886
2019-04-03,12.949999809265137,12.970000267028809,12.899999618530273,12.9399995803833,12.244854927062988,66300,0.07982591049129736,0.00195402142299007
2019-04-04,12.970000267028809,12.979999542236328,12.90999984741211,12.979999542236328,12.28270435333252,54900,0.07912403794364889,0.0018645822176085272
2019-04-05,12.970000267028809,12.970000267028809,12.9399995803833,12.949999809265137,12.254316329956055,29600,0.07632946108003306,0.0019310104066090484
2019-04-08,12.930000305175781,12.949999809265137,12.890000343322754,12.90999984741211,12.216466903686523,47000,0.07516303285591519,0.0018763973935739646
2019-04-09,12.90999984741211,12.9399995803833,12.899999618530273,12.9399995803833,12.244854927062988,44400,0.07265138492713749,0.0019217724318028027
2019-04-10,12.9399995803833,12.9399995803833,12.90999984741211,12.920000076293945,12.225929260253906,29400,0.06960483835885563,0.002002113441551307
2019-04-11,12.920000076293945,12.949999809265137,12.899999618530273,12.930000305175781,12.235390663146973,52800,0.06820450638571332,0.0019591290509506643
2019-04-12,12.84000015258789,12.899999618530273,12.829999923706055,12.84000015258789,12.192188262939453,22500,0.07047564032028569,0.0019814151140665004
2019-04-15,12.819999694824219,12.850000381469727,12.819999694824219,12.829999923706055,12.182690620422363,27500,0.06758457220065871,0.0020463903287493922
2019-04-16,12.819999694824219,12.819999694824219,12.770000457763672,12.779999732971191,12.135213851928711,30900,0.06704277889649614,0.0019389191127074763
2019-04-17,12.770000457763672,12.770000457763672,12.699999809265137,12.699999809265137,12.059250831604004,70900,0.06796828924003603,0.0018665327720526492
2019-04-18,12.739999771118164,12.75,12.699999809265137,12.699999809265137,12.059250831604004,18600,0.0666848536325237,0.0018248829745854836
2019-04-22,12.739999771118164,12.739999771118164,12.65999984741211,12.720000267028809,12.078242301940918,57700,0.06763593006634734,0.0017624682216739232
2019-04-23,12.720000267028809,12.739999771118164,12.680000305175781,12.729999542236328,12.087736129760742,64500,0.06709046834320702,0.0016755391860643805
2019-04-24,12.75,12.779999732971191,12.729999542236328,12.770000457763672,12.125720024108887,90400,0.06586973422832533,0.0016430531095513311
2019-04-25,12.770000457763672,12.84000015258789,12.760000228881836,12.760000228881836,12.11622428894043,39400,0.06687903347673457,0.0015977849766126105
2019-04-26,12.789999961853027,12.930000305175781,12.789999961853027,12.890000343322754,12.239666938781738,86000,0.07424482224939248,0.0020097852477587034
2019-04-29,12.90999984741211,12.960000038146973,12.880000114440918,12.960000038146973,12.306133270263672,68200,0.07465590092486836,0.001895591921167073
2019-04-30,12.970000267028809,13.029999732971191,12.960000038146973,13.029999732971191,12.372602462768555,83600,0.07432331477482197,0.0017839486518013098
2019-05-01,13.050000190734863,13.130000114440918,13.010000228881836,13.119999885559082,12.458060264587402,61200,0.07758592697369769,0.001889567476592339
2019-05-02,13.069999694824219,13.119999885559082,13.0,13.0600004196167,12.40108871459961,70300,0.0806154954440823,0.001970996119006072
2019-05-03,13.100000381469727,13.109999656677246,13.050000190734863,13.100000381469727,12.439067840576172,56100,0.07914292190824661,0.001935394505922473
2019-05-06,13.149999618530273,13.149999618530273,13.069999694824219,13.100000381469727,12.439067840576172,43500,0.07920413632237576,0.0018015244993658073
2019-05-07,13.140000343322754,13.180000305175781,13.109999656677246,13.140000343322754,12.477051734924316,177200,0.07926097827835284,0.0016769043176951839
2019-05-08,13.1899995803833,13.199999809265137,13.079999923706055,13.119999885559082,12.458060264587402,63900,0.08217090022697636,0.0017649770056186367
2019-05-09,13.180000305175781,13.180000305175781,13.119999885559082,13.130000114440918,12.467554092407227,30400,0.08058729446909942,0.0017520219164942302
2019-05-10,13.130000114440918,13.170000076293945,13.109999656677246,13.140000343322754,12.477051734924316,26600,0.07911680340821368,0.0017319125696650516
2019-05-13,13.180000305175781,13.180000305175781,13.149999618530273,13.170000076293945,12.505537986755371,35100,0.07632274329712894,0.0018077802511950296
2019-05-14,13.130000114440918,13.220000267028809,13.130000114440918,13.180000305175781,12.557463645935059,87900,0.07729970110361192,0.0017484357908584545
2019-05-15,13.220000267028809,13.220000267028809,13.149999618530273,13.180000305175781,12.557463645935059,30600,0.07677834020324929,0.001660787584394467
2019-05-16,13.180000305175781,13.180000305175781,13.149999618530273,13.170000076293945,12.547934532165527,22000,0.07343707923483919,0.0017808213975384409
2019-05-17,13.170000076293945,13.359999656677246,13.170000076293945,13.279999732971191,12.652739524841309,64800,0.08176297217401503,0.002248326507655398
2019-05-20,13.319999694824219,13.350000381469727,13.210000038146973,13.229999542236328,12.6051025390625,44800,0.08592278439892495,0.002384861201745007
2019-05-21,13.25,13.3100004196167,13.210000038146973,13.25,12.624156951904297,29600,0.08692832704683935,0.0022863384478999634
2019-05-22,13.239999771118164,13.289999961853027,13.199999809265137,13.220000267028809,12.595575332641602,46300,0.08714774315691444,0.0021387011380553296
2019-05-23,13.239999771118164,13.300000190734863,13.220000267028809,13.279999732971191,12.652739524841309,44600,0.08663718462471016,0.002022405237637397
2019-05-24,13.300000190734863,13.3100004196167,13.220000267028809,13.25,12.624156951904297,11100,0.08687739662208019,0.0018951057204754415
2019-05-28,13.260000228881836,13.260000228881836,13.1899995803833,13.199999809265137,12.576519012451172,46700,0.08567191461325555,0.0018458468839289558
2019-05-29,13.239999771118164,13.239999771118164,13.15999984741211,13.15999984741211,12.538408279418945,58700,0.08526677240559834,0.0017429394070524024
2019-05-30,13.239999771118164,13.25,13.210000038146973,13.25,12.624156951904297,22300,0.08560487099004778,0.0016425936340093339
2019-05-31,13.289999961853027,13.289999961853027,13.210000038146973,13.260000228881836,12.633685111999512,21600,0.0852045176126197,0.0015538621871106731
2019-06-03,13.3100004196167,13.3100004196167,13.260000228881836,13.270000457763672,12.64321231842041,14700,0.0826899228356371,0.0016224859435300964
2019-06-04,13.239999771118164,13.279999732971191,13.210000038146973,13.25,12.624156951904297,24700,0.08178347797767864,0.001571340151703551
2019-06-05,13.279999732971191,13.300000190734863,13.149999618530273,13.170000076293945,12.547934532165527,50100,0.08665612756531516,0.0018071479685559057
2019-06-06,13.1899995803833,13.1899995803833,13.119999885559082,13.15999984741211,12.538408279418945,36200,0.08546638236952256,0.0017630477705013836
2019-06-07,13.170000076293945,13.220000267028809,13.170000076293945,13.210000038146973,12.58604621887207,6400,0.08364738503003519,0.001767044168286097
2019-06-10,13.1899995803833,13.220000267028809,13.140000343322754,13.149999618530273,12.52888011932373,39900,0.08338685207832229,0.0016594362242451542
2019-06-11,13.140000343322754,13.149999618530273,13.130000114440918,13.140000343322754,12.519352912902832,53800,0.07885918436482466,0.0018643099020489028
2019-06-12,13.140000343322754,13.149999618530273,13.119999885559082,13.140000343322754,12.519352912902832,40900,0.07536922355099371,0.001980427824319049
2019-06-13,13.170000076293945,13.170000076293945,13.130000114440918,13.149999618530273,12.571453094482422,14400,0.0728428477154247,0.0020194241108369036
2019-06-14,13.130000114440918,13.149999618530273,13.109999656677246,13.130000114440918,12.552334785461426,29700,0.07049692729668203,0.0020427452756873153
2019-06-17,13.140000343322754,13.180000305175781,13.130000114440918,13.15999984741211,12.581014633178711,23700,0.06903287468512355,0.0020014100853923984
2019-06-18,13.15999984741211,13.220000267028809,13.15999984741211,13.180000305175781,12.600135803222656,133900,0.06838769932309324,0.0019045361765808201
2019-06-19,13.170000076293945,13.1899995803833,13.170000076293945,13.180000305175781,12.600135803222656,11500,0.06493139966354054,0.002015376425364526
2019-06-20,13.15999984741211,13.210000038146973,13.109999656677246,13.119999885559082,12.542774200439453,90600,0.06743632693541098,0.0020503443429720908
2019-06-21,13.1899995803833,13.199999809265137,13.130000114440918,13.130000114440918,12.552334785461426,44000,0.06833372670474266,0.0019679911591406335
2019-06-24,13.180000305175781,13.180000305175781,13.149999618530273,13.180000305175781,12.600135803222656,83800,0.06702418842117985,0.0019209588108850748
2019-06-25,13.149999618530273,13.15999984741211,13.109999656677246,13.109999656677246,12.53321361541748,95600,0.06723679271241952,0.0017989334880532597
2019-06-26,13.119999885559082,13.15999984741211,13.100000381469727,13.100000381469727,12.523653984069824,21000,0.06671984080027403,0.0017073633754884185
2019-06-27,13.140000343322754,13.15999984741211,13.109999656677246,13.15999984741211,12.581014633178711,32300,0.06623981402471037,0.0016196964754937933
2019-06-28,13.140000343322754,13.1899995803833,13.119999885559082,13.15999984741211,12.581014633178711,38000,0.06650837693896097,0.0015231869354049943
2019-07-01,13.170000076293945,13.220000267028809,13.149999618530273,13.199999809265137,12.619256019592285,124300,0.06675782490750198,0.0014322055806289954
2019-07-02,13.1899995803833,13.270000457763672,13.15999984741211,13.25,12.6670560836792,59500,0.06984659529636346,0.0015505316383598868
2019-07-03,13.239999771118164,13.300000190734863,13.239999771118164,13.25,12.6670560836792,56500,0.0691432970335303,0.0014900149686794067
2019-07-05,13.229999542236328,13.25,13.199999809265137,13.220000267028809,12.63837718963623,30600,0.06777593229791122,0.0014812542377465258
2019-07-08,13.1899995803833,13.260000228881836,13.1899995803833,13.229999542236328,12.647934913635254,71300,0.06793484059795578,0.0013868009564820994
2019-07-09,13.210000038146973,13.300000190734863,13.210000038146973,13.260000228881836,12.676616668701172,116700,0.06951093431152255,0.0014003218677024335
2019-07-10,13.270000457763672,13.319999694824219,13.270000457763672,13.319999694824219,12.73397445678711,40300,0.06883154371372686,0.001348826776994809
2019-07-11,13.350000381469727,13.369999885559082,13.3100004196167,13.329999923706055,12.743535995483398,50300,0.06820068101577371,0.0012975436284918334
2019-07-12,13.350000381469727,13.390000343322754,13.3100004196167,13.390000343322754,12.843774795532227,27300,0.0690434840650795,0.0012650621585499728
2019-07-15,13.390000343322754,13.390000343322754,13.34000015258789,13.350000381469727,12.80540657043457,13500,0.06768324882720692,0.001271860235644445
2019-07-16,13.350000381469727,13.369999885559082,13.329999923706055,13.369999885559082,12.824590682983398,169700,0.06570587118619409,0.0013222543360279012
2019-07-17,13.390000343322754,13.399999618530273,13.369999885559082,13.399999618530273,12.853363037109375,17400,0.06315543274226533,0.0014099817723065339
2019-07-18,13.399999618530273,13.40999984741211,13.300000190734863,13.380000114440918,12.83418083190918,58600,0.06650144873762111,0.0015482699310957657
2019-07-19,13.34000015258789,13.40999984741211,13.34000015258789,13.40999984741211,12.862957000732422,123000,0.06675132345809237,0.0014555274160511584
2019-07-22,13.430000305175781,13.430000305175781,13.399999618530273,13.420000076293945,12.872550964355469,45300,0.06412627797147918,0.0015390644210913035
2019-07-23,13.4399995803833,13.449999809265137,13.390000343322754,13.449999809265137,12.901326179504395,35900,0.06383150568368659,0.001450186411569967
2019-07-24,13.470000267028809,13.569999694824219,13.449999809265137,13.489999771118164,12.939692497253418,38600,0.06784353281764341,0.0016331750345975993
2019-07-25,13.5,13.569999694824219,13.489999771118164,13.5,12.949286460876465,100500,0.06871184645252994,0.0015785420774753797
2019-07-26,13.510000228881836,13.520000457763672,13.489999771118164,13.510000228881836,12.958879470825195,26000,0.06594676360917122,0.0016632949893241895
2019-07-29,13.5,13.5600004196167,13.5,13.5600004196167,13.006836891174316,23000,0.06552202475256608,0.0015748266941299717
2019-07-30,13.5600004196167,13.5600004196167,13.5,13.539999961853027,12.987655639648438,28800,0.06512762438571844,0.0014905105278955194
2019-07-31,13.529999732971191,13.600000381469727,13.529999732971191,13.579999923706055,13.026022911071777,24700,0.06547569753663392,0.0014089078581112308
2019-08-01,13.600000381469727,13.619999885559082,13.579999923706055,13.619999885559082,13.0643892288208,262600,0.06365600213066201,0.0014382498258155645
2019-08-02,13.609999656677246,13.649999618530273,13.59000015258789,13.630000114440918,13.073982238769531,50200,0.06339482097435635,0.001354173492279143
2019-08-05,13.670000076293945,13.6899995803833,13.619999885559082,13.640000343322754,13.083574295043945,64000,0.06386659767791796,0.00129114515022789
2019-08-06,13.670000076293945,13.670000076293945,13.59000015258789,13.609999656677246,13.054798126220703,664100,0.06501897810849915,0.0012812333845388401
2019-08-07,13.65999984741211,13.720000267028809,13.619999885559082,13.630000114440918,13.073982238769531,34900,0.06823195184014653,0.0014192148379037364
2019-08-08,13.65999984741211,13.680000305175781,13.630000114440918,13.670000076293945,13.112351417541504,72500,0.06692968318976916,0.0014108615387947103
2019-08-09,13.670000076293945,13.699999809265137,13.670000076293945,13.670000076293945,13.112351417541504,25600,0.0642918296027279,0.001498503827955178
2019-08-12,13.710000038146973,13.789999961853027,13.710000038146973,13.789999961853027,13.227455139160156,38500,0.0682709764567532,0.001675692615531615
2019-08-13,13.800000190734863,13.800000190734863,13.779999732971191,13.800000190734863,13.237046241760254,65900,0.06482308226439025,0.0018022784424481391
2019-08-14,13.850000381469727,13.920000076293945,13.65999984741211,13.789999961853027,13.270247459411621,91200,0.07876430702277923,0.0026693460364439134
2019-08-15,13.819999694824219,13.850000381469727,13.770000457763672,13.779999732971191,13.260623931884766,36000,0.0788525653572989,0.0024849826291636103
2019-08-16,13.760000228881836,13.760000228881836,13.640000343322754,13.680000305175781,13.164393424987793,43300,0.0832201956638088,0.0026194574632597734
2019-08-19,13.65999984741211,13.680000305175781,13.65999984741211,13.65999984741211,13.145145416259766,18900,0.07870450009951331,0.002754903041905181
2019-08-20,13.6899995803833,13.699999809265137,13.65999984741211,13.6899995803833,13.174016952514648,15000,0.07593989022476431,0.0027555963871083106
2019-08-21,13.670000076293945,13.680000305175781,13.630000114440918,13.649999618530273,13.135522842407227,24800,0.0748012884903085,0.0026400967690617043
2019-08-22,13.680000305175781,13.680000305175781,13.619999885559082,13.670000076293945,13.154770851135254,25100,0.07374408357076498,0.002527033065524691
2019-08-23,13.670000076293945,13.710000038146973,13.649999618530273,13.6899995803833,13.174016952514648,46800,0.0727623932883317,0.002416651438161019
2019-08-26,13.649999618530273,13.699999809265137,13.640000343322754,13.680000305175781,13.164393424987793,23900,0.07185075562076393,0.0023091504545472157
2019-08-27,13.6899995803833,13.710000038146973,13.649999618530273,13.65999984741211,13.145145416259766,30700,0.07100430304904502,0.0022046720343451938
2019-08-28,13.699999809265137,13.720000267028809,13.65999984741211,13.6899995803833,13.174016952514648,40600,0.07021831137530603,0.0021033377228733227
2019-08-29,13.710000038146973,13.720000267028809,13.680000305175781,13.699999809265137,13.183638572692871,40200,0.0680598578380004,0.002107274566761344
2019-08-30,13.6899995803833,13.739999771118164,13.670000076293945,13.739999771118164,13.22213077545166,40600,0.0681984176227303,0.001966652082330526
2019-09-03,13.739999771118164,13.770000457763672,13.699999809265137,13.770000457763672,13.251002311706543,59600,0.0683271483995735,0.0018353719890814317
2019-09-04,13.739999771118164,13.800000190734863,13.729999542236328,13.729999542236328,13.212509155273438,75600,0.0684466841209279,0.0017128122556723578
2019-09-05,13.739999771118164,13.789999961853027,13.59000015258789,13.649999618530273,13.135522842407227,99000,0.07784333591694281,0.0022616579371253975
2019-09-06,13.630000114440918,13.6899995803833,13.619999885559082,13.630000114440918,13.1162748336792,26300,0.07728307583889109,0.0021401295186201353
2019-09-09,13.630000114440918,13.65999984741211,13.569999694824219,13.609999656677246,13.097031593322754,36000,0.07819143846381962,0.002052146169070735
2019-09-10,13.59000015258789,13.630000114440918,13.59000015258789,13.619999885559082,13.106654167175293,57300,0.07546347584876303,0.002100418772355439
2019-09-11,13.59000015258789,13.65999984741211,13.5600004196167,13.65999984741211,13.145145416259766,54300,0.0772160438449521,0.0020755722883435555
2019-09-12,13.619999885559082,13.649999618530273,13.539999961853027,13.550000190734863,13.039291381835938,44500,0.08027203253881852,0.0021456020315951886
2019-09-13,13.470000267028809,13.529999732971191,13.390000343322754,13.40999984741211,12.947568893432617,85700,0.08596687645833931,0.00239911930930416
2019-09-16,13.40999984741211,13.430000305175781,13.25,13.270000457763672,12.812397003173828,63900,0.0926835499381566,0.0027075160357693836
2019-09-17,13.3100004196167,13.359999656677246,13.300000190734863,13.34000015258789,12.879982948303223,9200,0.09249181057925786,0.002527817701707195
2019-09-18,13.350000381469727,13.430000305175781,13.34000015258789,13.420000076293945,12.957223892211914,20600,0.09231383500844591,0.0023599718352146776
2019-09-19,13.4399995803833,13.5,13.399999618530273,13.399999618530273,12.937912940979004,66800,0.09286287404139452,0.002230619492195673
2019-09-20,13.4399995803833,13.479999542236328,13.399999618530273,13.470000267028809,13.005500793457031,18700,0.09194409187458454,0.002136916826096696
2019-09-23,13.489999771118164,13.529999732971191,13.40999984741211,13.449999809265137,12.986188888549805,39000,0.09394807713776292,0.0021274217144596733
2019-09-24,13.5,13.550000190734863,13.5,13.550000190734863,13.082740783691406,36400,0.09438038459004604,0.0020063421243042053
2019-09-25,13.539999961853027,13.539999961853027,13.510000228881836,13.520000457763672,13.053776741027832,24600,0.09049606868025899,0.0021404831089815515
2019-09-26,13.529999732971191,13.539999961853027,13.479999542236328,13.510000228881836,13.044120788574219,25100,0.08831780803286185,0.002143181504582665
2019-09-27,13.520000457763672,13.600000381469727,13.520000457763672,13.600000381469727,13.131016731262207,18100,0.0884379755010782,0.0019986805019850703
2019-09-30,13.600000381469727,13.760000228881836,13.59000015258789,13.609999656677246,13.140671730041504,57900,0.09426383984342586,0.0022720507762966843
2019-10-01,13.609999656677246,13.699999809265137,13.609999656677246,13.699999809265137,13.227568626403809,28200,0.09395929075374478,0.0021315149415384272
2019-10-02,13.699999809265137,13.720000267028809,13.649999618530273,13.710000038146973,13.237223625183105,32000,0.09224795916408694,0.002101501844975528
2019-10-03,13.720000267028809,13.770000457763672,13.710000038146973,13.729999542236328,13.2565336227417,14100,0.08994456348213067,0.002115922833331295
2019-10-04,13.779999732971191,13.829999923706055,13.710000038146973,13.729999542236328,13.2565336227417,14500,0.09209137220191291,0.0021181289680777906
2019-10-07,13.729999542236328,13.789999961853027,13.6899995803833,13.720000267028809,13.246878623962402,56100,0.09265630143532817,0.00200718612988761
2019-10-08,13.75,13.75,13.699999809265137,13.729999542236328,13.2565336227417,30700,0.08960943638529496,0.00208144890989801
2019-10-09,13.739999771118164,13.760000228881836,13.680000305175781,13.75,13.27584457397461,15600,0.08892304262249208,0.0019818021136769294
2019-10-10,13.729999542236328,13.739999771118164,13.699999809265137,13.729999542236328,13.2565336227417,28200,0.08614283891623288,0.0020388307988613774
2019-10-11,13.670000076293945,13.670000076293945,13.609999656677246,13.640000343322754,13.212943077087402,28000,0.08856119939072211,0.0020659400614062243
2019-10-14,13.670000076293945,13.680000305175781,13.609999656677246,13.640000343322754,13.212943077087402,37600,0.0872354457555659,0.0020130696023883668
2019-10-15,13.65999984741211,13.65999984741211,13.539999961853027,13.59000015258789,13.164507865905762,39900,0.08957576288438848,0.0020364444257050967
2019-10-16,13.569999694824219,13.569999694824219,13.5,13.520000457763672,13.096700668334961,45200,0.08960607643463862,0.0018931493631725999
2019-10-17,13.5,13.510000228881836,13.470000267028809,13.479999542236328,13.057953834533691,12400,0.08677708459894039,0.001959995254067288
2019-10-18,13.489999771118164,13.529999732971191,13.430000305175781,13.449999809265137,13.028892517089844,14100,0.08772153768440251,0.0018874565277383474
2019-10-21,13.460000038146973,13.460000038146973,13.359999656677246,13.390000343322754,12.970770835876465,51200,0.0885985979547828,0.0018152853664984859
2019-10-22,13.399999618530273,13.4399995803833,13.380000114440918,13.430000305175781,13.009517669677734,15300,0.08655580281103993,0.0018315360648730843
2019-10-23,13.430000305175781,13.479999542236328,13.399999618530273,13.40999984741211,12.990144729614258,21900,0.08608752573211241,0.0017341604230198297
2019-10-24,13.4399995803833,13.4399995803833,13.359999656677246,13.420000076293945,12.999831199645996,28100,0.08565269701596544,0.0016413510153860543
2019-10-25,13.40999984741211,13.430000305175781,13.319999694824219,13.34000015258789,12.922335624694824,37800,0.0873918336827938,0.0016483357047747903
2019-10-28,13.319999694824219,13.329999923706055,13.25,13.25,12.835153579711914,38400,0.08757814217601499,0.0015439051896638193
2019-10-29,13.220000267028809,13.399999618530273,13.220000267028809,13.3100004196167,12.89327621459961,62900,0.09417965712783284,0.0019051630298176786
2019-10-30,13.319999694824219,13.399999618530273,13.3100004196167,13.399999618530273,12.980456352233887,36100,0.09388105296967152,0.0017904088246993677
2019-10-31,13.399999618530273,13.539999961853027,13.380000114440918,13.470000267028809,13.048266410827637,159100,0.09860382400127422,0.001999863268049606
2019-11-01,13.470000267028809,13.479999542236328,13.399999618530273,13.460000038146973,13.038578987121582,59600,0.09727497398018711,0.001951933750409428
2019-11-04,13.430000305175781,13.430000305175781,13.369999885559082,13.390000343322754,12.970770835876465,34800,0.09675534388073737,0.0018496263467694507
2019-11-05,13.369999885559082,13.479999542236328,13.369999885559082,13.449999809265137,13.028892517089844,70300,0.09770136622334513,0.0017850832036150446
2019-11-06,13.489999771118164,13.520000457763672,13.479999542236328,13.5,13.077326774597168,54700,0.09572274352871586,0.0017989074529732034
2019-11-07,13.5,13.529999732971191,13.40999984741211,13.420000076293945,12.999831199645996,39500,0.09745682510231345,0.0017942770330178022
2019-11-08,13.420000076293945,13.479999542236328,13.390000343322754,13.40999984741211,12.990144729614258,44100,0.0969241375174035,0.001704163501010098
2019-11-11,13.399999618530273,13.420000076293945,13.359999656677246,13.359999656677246,12.941707611083984,40700,0.09428672909592463,0.0017708238524721533
2019-11-12,13.369999885559082,13.380000114440918,13.359999656677246,13.359999656677246,12.941707611083984,10300,0.08898056685790658,0.002023348022868289
2019-11-13,13.350000381469727,13.399999618530273,13.329999923706055,13.34000015258789,12.922335624694824,40700,0.08762479028407173,0.001975664347937329
2019-11-14,13.34000015258789,13.399999618530273,13.300000190734863,13.300000190734863,12.92719554901123,38600,0.08850869296345305,0.0018976813716118997
2019-11-15,13.359999656677246,13.399999618530273,13.359999656677246,13.399999618530273,13.024392127990723,25900,0.08932945973716429,0.0018207589003332808
2019-11-18,13.390000343322754,13.40999984741211,13.380000114440918,13.40999984741211,13.034112930297852,16500,0.08509162211102338,0.0019934073807481114
2019-11-19,13.430000305175781,13.59000015258789,13.40999984741211,13.489999771118164,13.111871719360352,49800,0.09187081375850607,0.002335249114086296
2019-11-20,13.510000228881836,13.619999885559082,13.489999771118164,13.619999885559082,13.238225936889648,37200,0.0945943352358212,0.0023629828543169267
2019-11-21,13.59000015258789,13.600000381469727,13.510000228881836,13.520000457763672,13.141029357910156,14300,0.09569471533878013,0.0022727969435056413
2019-11-22,13.510000228881836,13.5600004196167,13.5,13.529999732971191,13.150747299194336,20100,0.09314512278720291,0.0022925680583678965
2019-11-25,13.520000457763672,13.520000457763672,13.430000305175781,13.430000305175781,13.05355167388916,30100,0.09363471600207486,0.002163784140975329
2019-11-26,13.460000038146973,13.529999732971191,13.460000038146973,13.520000457763672,13.141029357910156,26300,0.09408933827302737,0.0020417011502594134
2019-11-27,13.550000190734863,13.609999656677246,13.539999961853027,13.600000381469727,13.218786239624023,26800,0.09379718546163786,0.0019167334117687063
2019-11-29,13.5600004196167,13.619999885559082,13.5600004196167,13.600000381469727,13.218786239624023,21500,0.09138306263883392,0.0019522612268426515
2019-12-02,13.579999923706055,13.59000015258789,13.539999961853027,13.59000015258789,13.209066390991211,11200,0.08914144528011002,0.0019729295219770263
2019-12-03,13.579999923706055,13.680000305175781,13.579999923706055,13.630000114440918,13.247945785522461,39500,0.08991708357936834,0.0018874087203542618
2019-12-04,13.649999618530273,13.6899995803833,13.600000381469727,13.680000305175781,13.296544075012207,22300,0.08992294896038304,0.0017530127675442933
2019-12-05,13.680000305175781,13.680000305175781,13.609999656677246,13.630000114440918,13.247945785522461,28700,0.08849992749882248,0.0017294419599740269
2019-12-06,13.640000343322754,13.699999809265137,13.609999656677246,13.699999809265137,13.315983772277832,27500,0.08860708643375592,0.001613564601042557
2019-12-09,13.720000267028809,13.729999542236328,13.619999885559082,13.680000305175781,13.296544075012207,19400,0.09013512716543379,0.001607455753230793
2019-12-10,13.710000038146973,13.710000038146973,13.670000076293945,13.680000305175781,13.296544075012207,12200,0.08655404392883333,0.001748429144900055
2019-12-11,13.670000076293945,13.6899995803833,13.600000381469727,13.65999984741211,13.277104377746582,27300,0.08680012642774339,0.0016411186701864838
2019-12-12,13.680000305175781,13.680000305175781,13.600000381469727,13.670000076293945,13.286824226379395,22800,0.08631439766190849,0.0015585908198756562
2019-12-13,13.649999618530273,13.670000076293945,13.600000381469727,13.600000381469727,13.262446403503418,30700,0.08514906174493064,0.0015305011839543837
2019-12-16,13.640000343322754,13.640000343322754,13.550000190734863,13.5600004196167,13.22343921661377,37400,0.0854955682337135,0.0014459301342992746
2019-12-17,13.619999885559082,13.670000076293945,13.550000190734863,13.609999656677246,13.272195816040039,72300,0.08796016232838268,0.0015186918457542676
2019-12-18,13.619999885559082,13.670000076293945,13.59000015258789,13.640000343322754,13.30145263671875,40900,0.08739157385535924,0.0014508273191306366
2019-12-19,13.619999885559082,13.630000114440918,13.569999694824219,13.619999885559082,13.28194808959961,57400,0.08614936490130039,0.001435926007339795
2019-12-20,13.630000114440918,13.630000114440918,13.579999923706055,13.579999923706055,13.242940902709961,18600,0.08356728103226917,0.0015177944260320396
2019-12-23,13.579999923706055,13.630000114440918,13.550000190734863,13.579999923706055,13.242940902709961,28700,0.08331246979468242,0.0014275813411430902
2019-12-24,13.619999885559082,13.640000343322754,13.5600004196167,13.619999885559082,13.28194808959961,16400,0.08307585935978044,0.0013425119906972961
2019-12-26,13.649999618530273,13.739999771118164,13.649999618530273,13.670000076293945,13.330707550048828,19900,0.0857132898025877,0.0014350061658480078
2019-12-27,13.720000267028809,13.729999542236328,13.670000076293945,13.729999542236328,13.3892183303833,16700,0.08387658809828735,0.0014636987043088895
2019-12-30,13.739999771118164,13.739999771118164,13.609999656677246,13.640000343322754,13.30145263671875,65200,0.08717112569418954,0.0015944729108512679
2019-12-31,13.680000305175781,13.720000267028809,13.579999923706055,13.630000114440918,13.29170036315918,29100,0.09094464123908699,0.0017501188132831383
2020-01-02,13.65999984741211,13.710000038146973,13.630000114440918,13.649999618530273,13.31120491027832,23800,0.09016287570101325,0.0016809507221967528
2020-01-03,13.670000076293945,13.800000190734863,13.670000076293945,13.6899995803833,13.350212097167969,40200,0.09443699687984015,0.0018661771833846205
2020-01-06,13.729999542236328,13.789999961853027,13.729999542236328,13.739999771118164,13.398968696594238,61000,0.09483438149340348,0.0017612634283973854
2020-01-07,13.770000457763672,13.829999923706055,13.760000228881836,13.779999732971191,13.437976837158203,50000,0.09448907942872399,0.0016601233309889644
2020-01-08,13.800000190734863,13.819999694824219,13.739999771118164,13.75,13.408721923828125,22500,0.09345413973424761,0.001615467356952351
2020-01-09,13.779999732971191,13.819999694824219,13.779999732971191,13.800000190734863,13.45748233795166,41600,0.09177882224067413,0.0016197423667110033
2020-01-10,13.819999694824219,13.819999694824219,13.789999961853027,13.8100004196167,13.467233657836914,26300,0.08736603014999679,0.0018192459184228846
2020-01-13,13.8100004196167,13.819999694824219,13.800000190734863,13.819999694824219,13.476984024047852,40500,0.08255413543137956,0.002033006547008195
2020-01-14,13.789999961853027,13.8100004196167,13.789999961853027,13.789999961853027,13.491661071777344,21300,0.07880024954136612,0.002155926500079998
2020-01-15,13.789999961853027,13.829999923706055,13.789999961853027,13.819999694824219,13.521010398864746,53900,0.0760288004207705,0.0021998924015454
2020-01-16,13.829999923706055,13.829999923706055,13.800000190734863,13.800000190734863,13.501442909240723,29200,0.07274100988865771,0.0022775994108716413
2020-01-17,13.779999732971191,13.819999694824219,13.779999732971191,13.8100004196167,13.511228561401367,28500,0.0704023636003984,0.002281959902113618
2020-01-21,13.8100004196167,13.850000381469727,13.8100004196167,13.850000381469727,13.550361633300781,11700,0.06823076347558618,0.002274077060877803
2020-01-22,13.850000381469727,13.90999984741211,13.850000381469727,13.899999618530273,13.599279403686523,33500,0.06764281365178594,0.0021536394010865487
2020-01-23,13.920000076293945,13.949999809265137,13.899999618530273,13.899999618530273,13.599279403686523,38300,0.06638262630057719,0.002089821397523849
2020-01-24,13.949999809265137,13.970000267028809,13.920000076293945,13.920000076293945,13.61884880065918,53400,0.06664105645757419,0.001959007737486217
2020-01-27,13.970000267028809,13.989999771118164,13.9399995803833,13.9399995803833,13.63841438293457,28900,0.0668809591980488,0.0018362145234139596
2020-01-28,13.9399995803833,13.989999771118164,13.920000076293945,13.920000076293945,13.61884880065918,15600,0.0671037260284895,0.0017209682596301555
2020-01-29,13.970000267028809,14.0,13.960000038146973,13.979999542236328,13.677549362182617,14700,0.06802488300545845,0.0016638388822972118
2020-01-30,14.0,14.020000457763672,13.989999771118164,14.020000457763672,13.71668529510498,98100,0.06602317104273596,0.00168797267375616
2020-01-31,14.020000457763672,14.100000381469727,14.010000228881836,14.100000381469727,13.794954299926758,72400,0.06773581258167558,0.0016897347355549783
2020-02-03,14.100000381469727,14.109999656677246,14.079999923706055,14.09000015258789,13.78516960144043,33200,0.06504037832378386,0.0017615704157218882
2020-02-04,14.079999923706055,14.100000381469727,14.039999961853027,14.0600004196167,13.755819320678711,31100,0.06468038127327781,0.0016614580324921851
2020-02-05,14.050000190734863,14.140000343322754,14.029999732971191,14.079999923706055,13.775385856628418,54100,0.06791754049315529,0.0017740081173054207
2020-02-06,14.09000015258789,14.119999885559082,14.069999694824219,14.119999885559082,13.814520835876465,27700,0.06663772979613444,0.0017387083015708085
2020-02-07,14.149999618530273,14.15999984741211,14.130000114440918,14.149999618530273,13.843871116638184,16800,0.06473503208591251,0.0017504218307601745
2020-02-10,14.180000305175781,14.289999961853027,14.180000305175781,14.25,13.9417085647583,38200,0.0701111257456869,0.0020093983899754754
2020-02-11,14.279999732971191,14.350000381469727,14.270000457763672,14.3100004196167,14.000411033630371,27400,0.07224607258311831,0.0020183661362223283
2020-02-12,14.3100004196167,14.3100004196167,14.260000228881836,14.279999732971191,13.97105884552002,20900,0.07065708102252867,0.0019876965236771365
2020-02-13,14.279999732971191,14.279999732971191,14.100000381469727,14.149999618530273,13.887147903442383,87100,0.07846724319959554,0.0024035869274906885
2020-02-14,14.15999984741211,14.180000305175781,14.109999656677246,14.109999656677246,13.847888946533203,17200,0.07786248643523408,0.002275099058695743
2020-02-18,14.130000114440918,14.149999618530273,14.100000381469727,14.130000114440918,13.867520332336426,34100,0.07587225433704213,0.002254751418659758
2020-02-19,14.140000343322754,14.149999618530273,14.09000015258789,14.130000114440918,13.867520332336426,24500,0.07473848373742362,0.0021746813601568123
2020-02-20,14.140000343322754,14.15999984741211,14.109999656677246,14.140000343322754,13.87733268737793,43000,0.07297146280866931,0.002145562757913776
2020-02-21,14.140000343322754,14.199999809265137,14.09000015258789,14.09000015258789,13.828261375427246,31500,0.07561633379928193,0.002181227631677979
2020-02-24,14.149999618530273,14.170000076293945,14.0600004196167,14.140000343322754,13.87733268737793,74500,0.07807228543342222,0.0022008507747110014
2020-02-25,14.130000114440918,14.1899995803833,14.130000114440918,14.15999984741211,13.896961212158203,40000,0.07678136975549084,0.0021358554106553143
2020-02-26,14.229999542236328,14.229999542236328,14.15999984741211,14.170000076293945,13.906776428222656,33700,0.0762969644032571,0.00201789469219663
2020-02-27,14.180000305175781,14.199999809265137,14.079999923706055,14.079999923706055,13.818448066711426,49900,0.07941860162867317,0.002096733444569447
2020-02-28,14.050000190734863,14.069999694824219,13.829999923706055,14.0,13.739934921264648,83400,0.09160298722662509,0.0028172800269539093
2020-03-02,14.069999694824219,14.199999809265137,13.960000038146973,14.119999885559082,13.857705116271973,81600,0.10220275750459216,0.0033731721877405638
2020-03-03,14.15999984741211,14.329999923706055,14.15999984741211,14.220000267028809,13.955846786499023,45200,0.10990256326476221,0.003682217442914098
2020-03-04,14.1899995803833,14.300000190734863,14.130000114440918,14.270000457763672,14.004918098449707,58600,0.11419524276684671,0.003725821875711984
2020-03-05,14.239999771118164,14.34000015258789,14.15999984741211,14.239999771118164,13.975475311279297,30700,0.11889560436748489,0.003795431856063855
2020-03-06,14.180000305175781,14.279999732971191,14.15999984741211,14.180000305175781,13.916590690612793,36300,0.11897448159545611,0.003529963668342952
2020-03-09,13.979999542236328,14.119999885559082,13.75,14.020000457763672,13.759563446044922,64300,0.1411906118511936,0.004864689853156848
2020-03-10,13.989999771118164,14.020000457763672,13.890000343322754,14.010000228881836,13.749748229980469,58500,0.1403912906076025,0.00457430638104501
2020-03-11,13.970000267028809,14.149999618530273,13.09000015258789,13.289999961853027,13.043124198913574,282600,0.20607758884580107,0.008939448656555979
2020-03-12,13.050000190734863,13.050000190734863,12.050000190734863,12.25,12.022441864013672,168200,0.279929173293827,0.013576029784518119
2020-03-13,12.359999656677246,12.680000305175781,12.359999656677246,12.65999984741211,12.470637321472168,86900,0.29064853985682376,0.013371982411552309
2020-03-16,12.40999984741211,12.520000457763672,12.079999923706055,12.229999542236328,12.047067642211914,96500,0.3113164958460546,0.013893123381386489
2020-03-17,12.119999885559082,13.180000305175781,12.109999656677246,12.5,12.313030242919922,93300,0.3655082210355175,0.016771594939106235
2020-03-18,11.770000457763672,12.390000343322754,10.329999923706055,10.6899995803833,10.530102729797363,222100,0.4944004964111195,0.024780214970284504
2020-03-19,10.380000114440918,11.350000381469727,10.329999923706055,11.34000015258789,11.170379638671875,150800,0.5319433507934447,0.025691832071144553
2020-03-20,11.630000114440918,12.100000381469727,11.319999694824219,11.859999656677246,11.682602882385254,164400,0.5496617319257349,0.025122299861226383
2020-03-23,11.84000015258789,11.84000015258789,11.100000381469727,11.199999809265137,11.032475471496582,114300,0.564685842160148,0.024401000602168297
2020-03-24,11.350000381469727,11.479999542236328,11.220000267028809,11.380000114440918,11.209782600402832,235100,0.5443511200752226,0.02411055213665095
2020-03-25,11.390000343322754,12.140000343322754,11.390000343322754,12.130000114440918,11.948564529418945,128600,0.5597546278471236,0.02348862039631167
2020-03-26,12.430000305175781,12.75,12.3100004196167,12.539999961853027,12.352432250976562,98300,0.564057860540835,0.022118235560411648
2020-03-27,12.539999961853027,12.710000038146973,12.279999732971191,12.579999923706055,12.391834259033203,154800,0.5544823208719025,0.021222328711020276
2020-03-30,12.630000114440918,12.699999809265137,12.5600004196167,12.680000305175781,12.490338325500488,119100,0.5248763972130835,0.021821156921577326
2020-03-31,12.630000114440918,12.699999809265137,12.600000381469727,12.600000381469727,12.411535263061523,103600,0.4945280422546783,0.022430242495636465
2020-04-01,12.600000381469727,12.670000076293945,12.109999656677246,12.130000114440918,11.948564529418945,80800,0.49920464063767983,0.021162125059019685
2020-04-02,11.899999618530273,12.050000190734863,11.819999694824219,11.90999984741211,11.731855392456055,203100,0.4856900534218955,0.020615872355931448
2020-04-03,11.899999618530273,11.949999809265137,11.739999771118164,11.739999771118164,11.564396858215332,59400,0.4659979094736867,0.02054989175537983
2020-04-06,11.8100004196167,12.050000190734863,11.8100004196167,11.979999542236328,11.800806999206543,101900,0.454855231626759,0.0198779479047761
2020-04-07,12.149999618530273,12.229999542236328,12.09000015258789,12.170000076293945,11.98796558380127,59200,0.4402227150819905,0.01950327423620413
2020-04-08,12.130000114440918,12.489999771118164,12.130000114440918,12.489999771118164,12.303178787231445,53000,0.4344924966245088,0.01851948453772396
2020-04-09,12.75,13.220000267028809,12.75,12.829999923706055,12.638093948364258,114000,0.45560021085923275,0.018704358087509674
2020-04-13,12.9399995803833,12.9399995803833,12.510000228881836,12.59000015258789,12.40168285369873,56700,0.4537715780479636,0.01749894913920678
2020-04-14,12.649999618530273,12.729999542236328,12.59000015258789,12.699999809265137,12.554912567138672,102000,0.4313592788765689,0.01784990271293449
2020-04-15,12.6899995803833,12.819999694824219,12.630000114440918,12.819999694824219,12.673541069030762,95600,0.414119300412764,0.017806336695139518
2020-04-16,12.710000038146973,12.829999923706055,12.59000015258789,12.770000457763672,12.624113082885742,43200,0.4016821911774354,0.017422820448010166
2020-04-17,12.75,12.859999656677246,12.670000076293945,12.710000038146973,12.564798355102539,82700,0.3865620046921401,0.017258346593530535
2020-04-20,12.710000038146973,12.710000038146973,12.59000015258789,12.6899995803833,12.545026779174805,43700,0.36752185332549303,0.017385618363038858
2020-04-21,12.710000038146973,12.710000038146973,12.479999542236328,12.59000015258789,12.446168899536133,37100,0.35769889922443243,0.01684542805861184
2020-04-22,12.609999656677246,12.789999961853027,12.510000228881836,12.510000228881836,12.367084503173828,126100,0.35214895877777236,0.016038607514901
2020-04-23,12.5,12.520000457763672,12.399999618530273,12.4399995803833,12.297882080078125,68400,0.3355669502388885,0.01607742187375692
2020-04-24,12.470000267028809,12.470000267028809,12.270000457763672,12.399999618530273,12.258339881896973,64700,0.32588358302647763,0.015620703683660772
2020-04-27,12.40999984741211,12.40999984741211,12.119999885559082,12.15999984741211,12.021081924438477,127200,0.32332046722837404,0.014688018834692401
2020-04-28,12.239999771118164,12.239999771118164,12.050000190734863,12.09000015258789,11.951882362365723,147500,0.3137975467394402,0.014319083238566788
2020-04-29,12.1899995803833,12.270000457763672,12.140000343322754,12.210000038146973,12.070509910583496,49600,0.30424060091346455,0.01397893056623885
2020-04-30,12.270000457763672,12.270000457763672,12.130000114440918,12.170000076293945,12.030967712402344,59600,0.2925091539426995,0.013818396023705007
2020-05-01,12.149999618530273,12.260000228881836,12.140000343322754,12.260000228881836,12.119939804077148,102400,0.28018706334386967,0.01371151706478535
2020-05-04,12.279999732971191,12.3100004196167,12.180000305175781,12.3100004196167,12.169368743896484,37200,0.26945942413651597,0.01349838293211166
2020-05-05,12.369999885559082,12.420000076293945,12.270000457763672,12.420000076293945,12.278111457824707,46300,0.26092658087892723,0.013143701526788594
2020-05-06,12.380000114440918,12.520000457763672,12.350000381469727,12.449999809265137,12.307769775390625,52400,0.25443183055142854,0.01266877644112503
2020-05-07,12.430000305175781,12.59000015258789,12.430000305175781,12.579999923706055,12.436284065246582,19300,0.24768668889862003,0.012245659670530994
2020-05-08,12.600000381469727,12.729999542236328,12.600000381469727,12.649999618530273,12.505483627319336,42900,0.24070904101516669,0.011869373114311162
2020-05-11,12.670000076293945,12.670000076293945,12.579999923706055,12.609999656677246,12.465940475463867,36800,0.2299441204132184,0.011790483649142385
2020-05-12,12.670000076293945,12.760000228881836,12.600000381469727,12.619999885559082,12.47582721710205,23900,0.2249481009131392,0.011305164781352158
2020-05-13,12.65999984741211,12.65999984741211,12.229999542236328,12.380000114440918,12.238568305969238,158200,0.2395946869318993,0.011543837726881298
2020-05-14,12.130000114440918,12.359999656677246,12.130000114440918,12.34000015258789,12.243529319763184,43900,0.24033792357962078,0.010772366221227025
2020-05-15,12.399999618530273,12.40999984741211,12.359999656677246,12.390000343322754,12.29313850402832,14200,0.2281709072399492,0.010871984086830207
2020-05-18,12.420000076293945,12.449999809265137,12.380000114440918,12.430000305175781,12.332825660705566,109400,0.21687296349596846,0.010902409776626673
2020-05-19,12.430000305175781,12.510000228881836,12.40999984741211,12.449999809265137,12.352669715881348,61200,0.20852492192266547,0.010719954904960695
2020-05-20,12.470000267028809,12.5,12.460000038146973,12.5,12.402277946472168,39700,0.19720172683782247,0.010763043489238002
2020-05-21,12.640000343322754,12.640000343322754,12.520000457763672,12.619999885559082,12.521340370178223,25900,0.1931159137296033,0.010286098462022372
2020-05-22,12.699999809265137,12.789999961853027,12.649999618530273,12.779999732971191,12.680088996887207,32600,0.19146478248419915,0.009669315089406785
2020-05-26,12.760000228881836,12.989999771118164,12.760000228881836,12.960000038146973,12.858682632446289,110000,0.19421726532363692,0.009175255642980426
2020-05-27,12.989999771118164,13.010000228881836,12.930000305175781,13.010000228881836,12.90829086303711,67100,0.1860588837795239,0.009102621778775613
2020-05-28,12.960000038146973,13.09000015258789,12.90999984741211,12.90999984741211,12.809073448181152,47400,0.18562612816497087,0.008483345624188286
2020-05-29,12.970000267028809,13.130000114440918,12.970000267028809,13.100000381469727,12.997588157653809,43800,0.18808142379810214,0.00805277062482707
2020-06-01,13.100000381469727,13.199999809265137,13.0600004196167,13.0600004196167,12.957901000976562,38200,0.18464699278741178,0.007722889223817303
2020-06-02,13.069999694824219,13.199999809265137,13.0600004196167,13.15999984741211,13.057119369506836,58200,0.18145787827748502,0.0073990481728251215
2020-06-03,13.130000114440918,13.199999809265137,13.100000381469727,13.140000343322754,13.037276268005371,67900,0.17563941752876538,0.007286149071103302
2020-06-04,13.140000343322754,13.239999771118164,13.140000343322754,13.229999542236328,13.126570701599121,31500,0.17023656111924002,0.007151628166704878
2020-06-05,13.229999542236328,13.25,13.100000381469727,13.140000343322754,13.037276268005371,29900,0.16879106522002812,0.006744047290455379
2020-06-08,13.199999809265137,13.289999961853027,13.199999809265137,13.220000267028809,13.116649627685547,58000,0.1674488190279028,0.006358204354860376
2020-06-09,13.199999809265137,13.289999961853027,13.199999809265137,13.210000038146973,13.106727600097656,16900,0.16191677142504476,0.0062991931582887795
2020-06-10,13.170000076293945,13.239999771118164,13.170000076293945,13.199999809265137,13.096805572509766,11300,0.1553512659535572,0.006318215466374407
2020-06-11,13.15999984741211,13.15999984741211,13.039999961853027,13.079999923706055,12.977744102478027,50000,0.15568330748631093,0.00589063161397293
2020-06-12,13.050000190734863,13.130000114440918,13.020000457763672,13.119999885559082,13.069388389587402,73400,0.15242018957137773,0.00570295206404152
2020-06-15,13.119999885559082,13.210000038146973,12.989999771118164,13.149999618530273,13.099272727966309,41700,0.15724733796119425,0.005640394658739735
2020-06-16,13.149999618530273,13.34000015258789,13.149999618530273,13.329999923706055,13.278578758239746,41000,0.15958685196808162,0.005404617469321708
2020-06-17,13.329999923706055,13.329999923706055,13.239999771118164,13.25,13.198887825012207,27300,0.15461637344092513,0.005373607544881335
2020-06-18,13.289999961853027,13.289999961853027,13.199999809265137,13.229999542236328,13.178963661193848,25800,0.1500009290942798,0.00531945303072162
2020-06-19,13.260000228881836,13.289999961853027,13.199999809265137,13.279999732971191,13.228771209716797,14500,0.14571515934382345,0.0052456185107026725
2020-06-22,13.3100004196167,13.329999923706055,13.289999961853027,13.3100004196167,13.25865650177002,19300,0.13887837587175486,0.005359273150800238
2020-06-23,13.329999923706055,13.369999885559082,13.289999961853027,13.289999961853027,13.238733291625977,30800,0.13467277214563342,0.005276868191894609
2020-06-24,13.329999923706055,13.34000015258789,13.220000267028809,13.289999961853027,13.238733291625977,22500,0.1336247088180226,0.004974810701588624
2020-06-25,13.319999694824219,13.380000114440918,13.300000190734863,13.359999656677246,13.308463096618652,32000,0.13050866908729888,0.004842041346526845
2020-06-26,13.430000305175781,13.449999809265137,13.260000228881836,13.260000228881836,13.20884895324707,39900,0.13475801989415617,0.004799706307979019
2020-06-29,13.3100004196167,13.40999984741211,13.239999771118164,13.279999732971191,13.228771209716797,34800,0.13727530963699824,0.00463667655332638
2020-06-30,13.270000457763672,13.3100004196167,13.25,13.279999732971191,13.228771209716797,28900,0.13175567463554833,0.004699745013906633
2020-07-01,13.229999542236328,13.300000190734863,13.229999542236328,13.25,13.198887825012207,44400,0.12734460134004738,0.004679125605449084
2020-07-02,13.359999656677246,13.40999984741211,13.289999961853027,13.40999984741211,13.358269691467285,60100,0.12967711891662323,0.004511510746243853
2020-07-06,13.449999809265137,13.449999809265137,13.350000381469727,13.359999656677246,13.308463096618652,44300,0.12755728383653658,0.004340676770089767
2020-07-07,13.40999984741211,13.420000076293945,13.369999885559082,13.369999885559082,13.318424224853516,22900,0.12273179353511963,0.004375306308041708
2020-07-08,13.350000381469727,13.460000038146973,13.350000381469727,13.420000076293945,13.368231773376465,44300,0.12182235518812867,0.004127744310823798
2020-07-09,13.430000305175781,13.460000038146973,13.390000343322754,13.40999984741211,13.358269691467285,31300,0.11812073659070653,0.004097306759866537
2020-07-10,13.4399995803833,13.460000038146973,13.390000343322754,13.449999809265137,13.398116111755371,22900,0.11468351932167169,0.004050157510521416
2020-07-13,13.5,13.5,13.449999809265137,13.479999542236328,13.427999496459961,29200,0.11006328156547109,0.0040908775280699295
2020-07-14,13.40999984741211,13.430000305175781,13.380000114440918,13.390000343322754,13.390000343322754,10700,0.10934443486760959,0.0038500181830550414
2020-07-15,13.369999885559082,13.430000305175781,13.350000381469727,13.359999656677246,13.359999656677246,20400,0.10724839835606995,0.003724733777946798
2020-07-16,13.350000381469727,13.380000114440918,13.34000015258789,13.369999885559082,13.369999885559082,18200,0.10244493860585262,0.003801785633108979
2020-07-17,13.350000381469727,13.460000038146973,13.34000015258789,13.40999984741211,13.40999984741211,31700,0.10369886338822613,0.0036197955723421605
2020-07-20,13.479999542236328,13.489999771118164,13.399999618530273,13.489999771118164,13.489999771118164,26800,0.10272038404534502,0.003431130127380658
2020-07-21,13.529999732971191,13.600000381469727,13.5,13.600000381469727,13.600000381469727,29400,0.10324040021007484,0.0032231934157627416
2020-07-22,13.579999923706055,13.680000305175781,13.579999923706055,13.649999618530273,13.649999618530273,110000,0.10300897030004996,0.0030094960224957517
2020-07-23,13.680000305175781,13.699999809265137,13.630000114440918,13.699999809265137,13.699999809265137,120700,0.10065116490891916,0.0029629466916839694
2020-07-24,13.680000305175781,13.729999542236328,13.640000343322754,13.729999542236328,13.729999542236328,37300,0.09989031019496596,0.0028056544075603434
2020-07-27,13.6899995803833,13.739999771118164,13.649999618530273,13.739999771118164,13.739999771118164,109900,0.09918387036588915,0.002655710509097234
2020-07-28,13.739999771118164,13.789999961853027,13.739999771118164,13.779999732971191,13.779999732971191,91400,0.09567075039224444,0.002716954042279196
2020-07-29,13.819999694824219,13.819999694824219,13.739999771118164,13.800000190734863,13.800000190734863,119600,0.09455140562894518,0.002602839093780629
2020-07-30,13.819999694824219,13.829999923706055,13.779999732971191,13.829999923706055,13.829999923706055,126100,0.09136917599365361,0.0026442241324599815
2020-07-31,13.890000343322754,13.899999618530273,13.84000015258789,13.899999618530273,13.899999618530273,114200,0.08984278448155113,0.0025643789452915893
2020-08-03,13.9399995803833,13.970000267028809,13.90999984741211,13.949999809265137,13.949999809265137,146700,0.08842548905419285,0.0024824444082963523
2020-08-04,13.970000267028809,14.0,13.970000267028809,14.0,14.0,142400,0.08568082488852646,0.0025011743909656406
2020-08-05,14.039999961853027,14.050000190734863,13.979999542236328,13.989999771118164,13.989999771118164,95700,0.08456081228924137,0.002402519977274173
2020-08-06,14.039999961853027,14.050000190734863,14.020000457763672,14.050000190734863,14.050000190734863,57400,0.08280649852691692,0.002356219533349193
2020-08-07,14.039999961853027,14.050000190734863,13.989999771118164,14.039999961853027,14.039999961853027,54900,0.0811774928904728,0.0023042756835702596
2020-08-10,14.039999961853027,14.069999694824219,14.029999732971191,14.0600004196167,14.0600004196167,96200,0.07823624067351241,0.00234977400738384
